TrainNo,type,Start_time,St,s1,s2,s3,s4,s5,s6,s7,s8,s9,s10,s11,s12,s13,s14,s15,s16,s17,s18,s19,s20,s21,s22,s23,s24,s25,s26,MC
T1,Up,4,"s26,s25,s24,s23,s22,s21,s20,s19,s18,s17,s16,s15,s14,s13,s12,s11,s10,s9,s8,s7,s6,s5,s4,s3,s2,s1",5,5,5,5,5,5,5,5,5,5,5,5,5,5,5,5,5,5,5,4,4,4,4,4,4,4,924
T2,Down,4,"s1,s2,s3,s4,s5,s6,s7,s8,s9,s10,s11,s12,s13,s14,s15,s16,s17,s18,s19,s20,s21,s22,s23,s24,s25,s26",4,4,4,4,4,4,5,5,5,5,5,5,5,5,5,5,5,5,5,5,5,5,5,5,5,5,924
T3,Down,5,"s1,s2,s3,s4,s5,s6,s7,s8,s9,s10,s11,s12,s13,s14,s15,s16,s17,s18,s19,s20,s21,s22,s23,s24,s25,s26",5,5,5,5,5,5,5,5,5,5,5,5,5,5,5,5,5,5,5,5,5,5,5,5,5,6,924
T4,Up,5,"s26,s25,s24,s23,s22,s21,s20,s19,s18,s17,s16,s15,s14,s13,s12,s11,s10,s9,s8,s7,s6,s5,s4,s3,s2,s1",6,6,6,6,6,5,5,5,5,5,5,5,5,5,5,5,5,5,5,5,5,5,5,5,5,5,924
T5,Down,5,"s1,s2,s3,s4,s5,s6,s7,s8,s9,s10,s11,s12,s13,s14,s15,s16,s17,s18,s19,s20,s21,s22,s23,s24,s25,s26",5,5,5,5,5,5,5,5,5,5,5,5,5,5,5,5,5,5,5,6,6,6,6,6,6,6,924
T6,Down,5,"s1,s2,s3,s4,s5,s6,s7,s8,s9,s10,s11,s12,s13,s14,s15,s16,s17,s18,s19,s20,s21,s22,s23,s24,s25,s26",5,5,5,5,5,5,5,5,5,5,5,5,5,5,6,6,6,6,6,6,6,6,6,6,6,6,924
T7,Up,5,"s26,s25,s24,s23,s22,s21,s20,s19,s18,s17,s16,s15,s14,s13,s12,s11,s10,s9,s8,s7,s6,s5,s4,s3,s2,s1",6,6,6,6,6,6,6,6,6,6,6,6,6,5,5,5,5,5,5,5,5,5,5,5,5,5,924
T8,Down,5,"s1,s2,s3,s4,s5,s6,s7,s8,s9,s10,s11,s12,s13,s14,s15,s16,s17,s18,s19,s20,s21,s22,s23,s24,s25,s26",5,5,5,5,5,5,5,5,5,5,6,6,6,6,6,6,6,6,6,6,6,6,6,6,6,6,924
T9,Down,5,"s1,s2,s3,s4,s5,s6,s7,s8,s9,s10,s11,s12,s13,s14,s15,s16,s17,s18,s19,s20,s21,s22,s23,s24,s25,s26",5,5,5,5,5,5,5,6,6,6,6,6,6,6,6,6,6,6,6,6,6,6,6,6,6,6,924
T10,Up,5,"s26,s25,s24,s23,s22,s21,s20,s19,s18,s17,s16,s15,s14,s13,s12,s11,s10,s9,s8,s7,s6,s5,s4,s3,s2,s1",6,6,6,6,6,6,6,6,6,6,6,6,6,6,6,6,6,6,6,6,6,5,5,5,5,5,924
T11,Down,5,"s1,s2,s3,s4,s5,s6,s7,s8,s9,s10,s11,s12,s13,s14,s15,s16,s17,s18",5,5,5,6,6,6,6,6,6,6,6,6,6,6,6,6,6,6,,,,,,,,,924
T12,Down,6,"s1,s2,s3,s4,s5,s6,s7,s8,s9,s10,s11,s12,s13,s14,s15,s16,s17,s18,s19,s20,s21,s22,s23,s24,s25,s26",6,6,6,6,6,6,6,6,6,6,6,6,6,6,6,6,6,6,6,6,6,6,6,6,6,6,924
T13,Up,6,"s26,s25,s24,s23,s22,s21,s20,s19,s18,s17,s16,s15,s14,s13,s12,s11,s10,s9,s8,s7,s6,s5,s4,s3,s2,s1",6,6,6,6,6,6,6,6,6,6,6,6,6,6,6,6,6,6,6,6,6,6,6,6,6,6,924
T14,Down,6,"s1,s2,s3,s4,s5,s6,s7,s8,s9,s10,s11,s12,s13,s14,s15,s16,s17,s18,s19,s20,s21,s22,s23,s24,s25,s26",6,6,6,6,6,6,6,6,6,6,6,6,6,6,6,6,6,6,6,6,6,6,6,6,7,7,924
T15,Up,6,"s26,s25,s24,s23,s22,s21,s20,s19,s18,s17,s16,s15,s14,s13,s12,s11,s10,s9,s8,s7,s6,s5,s4,s3,s2,s1",7,7,7,7,7,7,6,6,6,6,6,6,6,6,6,6,6,6,6,6,6,6,6,6,6,6,924
T16,Down,6,"s1,s2,s3,s4,s5,s6,s7,s8,s9,s10,s11,s12,s13,s14,s15,s16,s17,s18,s19,s20,s21,s22,s23,s24,s25,s26",6,6,6,6,6,6,6,6,6,6,6,6,6,6,6,6,6,6,6,6,6,7,7,7,7,7,924
T17,Down,6,"s1,s2,s3,s4,s5,s6,s7,s8,s9,s10,s11,s12,s13,s14,s15,s16,s17,s18,s19,s20,s21,s22,s23,s24,s25,s26",6,6,6,6,6,6,6,6,6,6,6,6,6,6,6,6,6,6,6,6,6,7,7,7,7,7,924
T18,Down,6,"s1,s2,s3,s4,s5,s6,s7,s8,s9,s10,s11,s12,s13,s14,s15,s16,s17,s18,s19,s20,s21,s22,s23,s24,s25,s26",6,6,6,6,6,6,6,6,6,6,6,6,6,6,6,6,6,6,6,7,7,7,7,7,7,7,924
T19,Up,6,"s26,s25,s24,s23,s22,s21,s20,s19,s18,s17,s16,s15,s14,s13,s12,s11,s10,s9,s8,s7,s6,s5,s4,s3,s2,s1",7,7,7,7,7,7,7,7,7,6,6,6,6,6,6,6,6,6,6,6,6,6,6,6,6,6,924
T20,Down,6,"s1,s2,s3,s4,s5,s6,s7,s8,s9,s10,s11,s12,s13,s14,s15,s16,s17,s18,s19,s20,s21,s22,s23,s24,s25,s26",6,6,6,6,6,6,6,6,6,6,6,6,6,6,6,6,6,7,7,7,7,7,7,7,7,7,924
T21,Down,6,"s1,s2,s3,s4,s5,s6,s7,s8,s9,s10,s11,s12,s13,s14,s15,s16,s17,s18",6,6,6,6,6,6,6,6,6,6,6,6,6,6,6,7,7,7,,,,,,,,,924
T22,Down,6,"s1,s2,s3,s4,s5,s6,s7,s8,s9,s10,s11,s12,s13,s14,s15,s16,s17,s18,s19,s20,s21,s22,s23,s24,s25,s26",6,6,6,6,6,6,6,6,6,6,6,6,6,6,7,7,7,7,7,7,7,7,7,7,7,7,924
T23,Up,6,"s26,s25,s24,s23,s22,s21,s20,s19,s18,s17,s16,s15,s14,s13,s12,s11,s10,s9,s8,s7,s6,s5,s4,s3,s2,s1",7,7,7,7,7,7,7,7,7,7,7,7,7,7,6,6,6,6,6,6,6,6,6,6,6,6,924
T24,Down,6,"s1,s2,s3,s4,s5,s6,s7,s8,s9,s10,s11,s12,s13,s14,s15,s16,s17,s18,s19,s20,s21,s22,s23,s24,s25,s26",6,6,6,6,6,6,6,6,6,6,6,6,7,7,7,7,7,7,7,7,7,7,7,7,7,7,924
T25,Down,6,"s1,s2,s3,s4,s5,s6,s7,s8,s9,s10,s11,s12,s13,s14,s15,s16,s17,s18,s19,s20,s21,s22,s23,s24,s25,s26",6,6,6,6,6,6,6,6,6,6,7,7,7,7,7,7,7,7,7,7,7,7,7,7,7,7,924
T26,Up,6,"s26,s25,s24,s23,s22,s21,s20,s19,s18,s17,s16,s15,s14,s13,s12,s11,s10,s9,s8,s7,s6,s5,s4,s3,s2,s1",7,7,7,7,7,7,7,7,7,7,7,7,7,7,7,7,7,7,6,6,6,6,6,6,6,6,924
T27,Down,6,"s1,s2,s3,s4,s5,s6,s7,s8,s9,s10,s11,s12,s13,s14,s15,s16,s17,s18,s19,s20,s21,s22,s23,s24,s25,s26",6,6,6,6,6,6,6,7,7,7,7,7,7,7,7,7,7,7,7,7,7,7,7,7,7,7,924
T28,Up,6,"s26,s25,s24,s23,s22,s21,s20,s19,s18,s17,s16,s15,s14,s13,s12,s11,s10,s9,s8,s7,s6,s5,s4,s3,s2,s1",7,7,7,7,7,7,7,7,7,7,7,7,7,7,7,7,7,7,7,7,6,6,6,6,6,6,924
T29,Down,6,"s1,s2,s3,s4,s5,s6,s7,s8,s9,s10,s11,s12,s13,s14,s15,s16,s17,s18",6,6,6,6,6,7,7,7,7,7,7,7,7,7,7,7,7,7,,,,,,,,,924
T30,Up,6,"s26,s25,s24,s23,s22,s21,s20,s19,s18,s17,s16,s15,s14,s13,s12,s11,s10,s9,s8,s7,s6,s5,s4,s3,s2,s1",7,7,7,7,7,7,7,7,7,7,7,7,7,7,7,7,7,7,7,7,7,7,6,6,6,6,924
T31,Down,6,"s1,s2,s3,s4,s5,s6,s7,s8,s9,s10,s11,s12,s13,s14,s15,s16,s17,s18,s19,s20,s21,s22,s23,s24,s25,s26",6,6,6,7,7,7,7,7,7,7,7,7,7,7,7,7,7,7,7,7,7,7,7,7,7,7,924
T32,Up,6,"s26,s25,s24,s23,s22,s21,s20,s19,s18,s17,s16,s15,s14,s13,s12,s11,s10,s9,s8,s7,s6,s5,s4,s3,s2,s1",7,7,7,7,7,7,7,7,7,7,7,7,7,7,7,7,7,7,7,7,7,7,7,7,7,6,924
T33,Down,7,"s1,s2,s3,s4,s5,s6,s7,s8,s9,s10,s11,s12,s13,s14,s15,s16,s17,s18,s19,s20,s21,s22,s23,s24,s25,s26",7,7,7,7,7,7,7,7,7,7,7,7,7,7,7,7,7,7,7,7,7,7,7,7,7,8,924
T34,Down,7,"s1,s2,s3,s4,s5,s6,s7,s8,s9,s10,s11,s12,s13,s14",7,7,7,7,7,7,7,7,7,7,7,7,7,7,,,,,,,,,,,,,924
T35,Up,7,"s26,s25,s24,s23,s22,s21,s20,s19,s18,s17,s16,s15,s14,s13,s12,s11,s10,s9,s8,s7,s6,s5,s4,s3,s2,s1",8,8,8,7,7,7,7,7,7,7,7,7,7,7,7,7,7,7,7,7,7,7,7,7,7,7,924
T36,Down,7,"s1,s2,s3,s4,s5,s6,s7,s8,s9,s10,s11,s12,s13,s14,s15,s16,s17,s18,s19,s20,s21,s22,s23,s24,s25,s26",7,7,7,7,7,7,7,7,7,7,7,7,7,7,7,7,7,7,7,7,7,7,8,8,8,8,924
T37,Down,7,"s1,s2,s3,s4,s5,s6,s7,s8,s9,s10,s11,s12,s13,s14,s15,s16,s17,s18",7,7,7,7,7,7,7,7,7,7,7,7,7,7,7,7,7,7,,,,,,,,,924
T38,Up,7,"s26,s25,s24,s23,s22,s21,s20,s19,s18,s17,s16,s15,s14,s13,s12,s11,s10,s9,s8,s7,s6,s5,s4,s3,s2,s1",8,8,8,8,8,7,7,7,7,7,7,7,7,7,7,7,7,7,7,7,7,7,7,7,7,7,924
T39,Down,7,"s1,s2,s3,s4,s5,s6,s7,s8,s9,s10,s11,s12,s13,s14,s15,s16,s17,s18,s19,s20,s21,s22,s23,s24,s25,s26",7,7,7,7,7,7,7,7,7,7,7,7,7,7,7,7,7,7,7,8,8,8,8,8,8,8,924
T40,Up,7,"s26,s25,s24,s23,s22,s21,s20,s19,s18,s17,s16,s15,s14,s13,s12,s11,s10,s9,s8,s7,s6,s5,s4,s3,s2,s1",8,8,8,8,8,8,8,8,7,7,7,7,7,7,7,7,7,7,7,7,7,7,7,7,7,7,924
T41,Down,7,"s1,s2,s3,s4,s5,s6,s7,s8,s9,s10,s11,s12,s13,s14",7,7,7,7,7,7,7,7,7,7,7,7,7,7,,,,,,,,,,,,,924
T42,Up,7,"s26,s25,s24,s23,s22,s21,s20,s19,s18,s17,s16,s15,s14,s13,s12,s11,s10,s9,s8,s7,s6,s5,s4,s3,s2,s1",8,8,8,8,8,8,8,8,8,7,7,7,7,7,7,7,7,7,7,7,7,7,7,7,7,7,924
T43,Up,7,"s26,s25,s24,s23,s22,s21,s20,s19,s18,s17,s16,s15,s14,s13,s12,s11,s10,s9,s8,s7,s6,s5,s4,s3,s2,s1",8,8,8,8,8,8,8,8,8,7,7,7,7,7,7,7,7,7,7,7,7,7,7,7,7,7,924
T44,Down,7,"s1,s2,s3,s4,s5,s6,s7,s8,s9,s10,s11,s12,s13,s14,s15,s16,s17,s18,s19,s20,s21,s22,s23,s24,s25,s26",7,7,7,7,7,7,7,7,7,7,7,7,7,7,7,7,8,8,8,8,8,8,8,8,8,8,924
T45,Down,7,"s1,s2,s3,s4,s5,s6,s7,s8,s9,s10,s11,s12,s13,s14",7,7,7,7,7,7,7,7,7,7,7,7,7,7,,,,,,,,,,,,,924
T46,Up,7,"s26,s25,s24,s23,s22,s21,s20,s19,s18,s17,s16,s15,s14,s13,s12,s11,s10,s9,s8,s7,s6,s5,s4,s3,s2,s1",8,8,8,8,8,8,8,8,8,8,8,8,8,7,7,7,7,7,7,7,7,7,7,7,7,7,924
T47,Down,7,"s1,s2,s3,s4,s5,s6,s7,s8,s9,s10,s11,s12,s13,s14,s15,s16,s17,s18,s19,s20,s21,s22,s23,s24,s25,s26",7,7,7,7,7,7,7,7,7,7,7,7,7,8,8,8,8,8,8,8,8,8,8,8,8,8,924
T48,Up,7,"s26,s25,s24,s23,s22,s21,s20,s19,s18,s17,s16,s15,s14,s13,s12,s11,s10,s9,s8,s7,s6,s5,s4,s3,s2,s1",8,8,8,8,8,8,8,8,8,8,8,8,8,8,7,7,7,7,7,7,7,7,7,7,7,7,924
T49,Down,7,"s1,s2,s3,s4,s5,s6,s7,s8,s9,s10,s11,s12,s13,s14",7,7,7,7,7,7,7,7,7,7,7,8,8,8,,,,,,,,,,,,,924
T50,Up,7,"s26,s25,s24,s23,s22,s21,s20,s19,s18,s17,s16,s15,s14,s13,s12,s11,s10,s9,s8,s7,s6,s5,s4,s3,s2,s1",8,8,8,8,8,8,8,8,8,8,8,8,8,8,8,8,7,7,7,7,7,7,7,7,7,7,924
T51,Down,7,"s1,s2,s3,s4,s5,s6,s7,s8,s9,s10,s11,s12,s13,s14,s15,s16,s17,s18,s19,s20,s21,s22,s23,s24,s25,s26",7,7,7,7,7,7,7,7,8,8,8,8,8,8,8,8,8,8,8,8,8,8,8,8,8,8,924
T52,Down,7,"s1,s2,s3,s4,s5,s6,s7,s8,s9,s10,s11,s12,s13,s14",7,7,7,7,7,7,7,8,8,8,8,8,8,8,,,,,,,,,,,,,924
T53,Up,7,"s26,s25,s24,s23,s22,s21,s20,s19,s18,s17,s16,s15,s14,s13,s12,s11,s10,s9,s8,s7,s6,s5,s4,s3,s2,s1",8,8,8,8,8,8,8,8,8,8,8,8,8,8,8,8,8,8,8,7,7,7,7,7,7,7,924
T54,Down,7,"s1,s2,s3,s4,s5,s6,s7,s8,s9,s10,s11,s12,s13,s14,s15,s16,s17,s18,s19,s20,s21,s22,s23,s24,s25,s26",7,7,7,7,7,8,8,8,8,8,8,8,8,8,8,8,8,8,8,8,8,8,8,8,8,8,924
T55,Down,7,"s1,s2,s3,s4,s5,s6,s7,s8,s9,s10,s11,s12,s13,s14,s15,s16,s17,s18",7,7,7,7,8,8,8,8,8,8,8,8,8,8,8,8,8,8,,,,,,,,,924
T56,Up,7,"s26,s25,s24,s23,s22,s21,s20,s19,s18,s17,s16,s15,s14,s13,s12,s11,s10,s9,s8,s7,s6,s5,s4,s3,s2,s1",8,8,8,8,8,8,8,8,8,8,8,8,8,8,8,8,8,8,8,8,8,8,7,7,7,7,924
T57,Down,7,"s1,s2,s3,s4,s5,s6,s7,s8,s9,s10,s11,s12,s13,s14",7,7,7,8,8,8,8,8,8,8,8,8,8,8,,,,,,,,,,,,,924
T58,Down,7,"s1,s2,s3,s4,s5,s6,s7,s8,s9,s10,s11,s12,s13,s14,s15,s16,s17,s18,s19,s20,s21,s22,s23,s24,s25,s26",7,7,8,8,8,8,8,8,8,8,8,8,8,8,8,8,8,8,8,8,8,8,8,8,8,8,924
T59,Up,7,"s26,s25,s24,s23,s22,s21,s20,s19,s18,s17,s16,s15,s14,s13,s12,s11,s10,s9,s8,s7,s6,s5,s4,s3,s2,s1",8,8,8,8,8,8,8,8,8,8,8,8,8,8,8,8,8,8,8,8,8,8,8,8,8,7,924
T60,Down,7,"s1,s2,s3,s4,s5,s6,s7,s8",7,8,8,8,8,8,8,8,,,,,,,,,,,,,,,,,,,924
T61,Down,8,"s1,s2,s3,s4,s5,s6,s7,s8,s9,s10,s11,s12,s13,s14,s15,s16,s17,s18,s19,s20,s21,s22,s23,s24,s25,s26",8,8,8,8,8,8,8,8,8,8,8,8,8,8,8,8,8,8,8,8,8,8,8,8,8,9,924
T62,Down,8,"s1,s2,s3,s4,s5,s6,s7,s8,s9,s10,s11,s12,s13,s14",8,8,8,8,8,8,8,8,8,8,8,8,8,8,,,,,,,,,,,,,924
T63,Down,8,"s1,s2,s3,s4,s5,s6,s7,s8,s9,s10,s11,s12,s13,s14,s15,s16,s17,s18",8,8,8,8,8,8,8,8,8,8,8,8,8,8,8,8,8,8,,,,,,,,,924
T64,Up,8,"s26,s25,s24,s23,s22,s21,s20,s19,s18,s17,s16,s15,s14,s13,s12,s11,s10,s9,s8,s7,s6,s5,s4,s3,s2,s1",9,9,9,8,8,8,8,8,8,8,8,8,8,8,8,8,8,8,8,8,8,8,8,8,8,8,924
T65,Down,8,"s1,s2,s3,s4,s5,s6,s7,s8,s9,s10,s11,s12,s13,s14,s15,s16,s17,s18,s19,s20,s21,s22,s23,s24,s25,s26",8,8,8,8,8,8,8,8,8,8,8,8,8,8,8,8,8,8,8,8,8,9,9,9,9,9,924
T66,Down,8,"s1,s2,s3,s4,s5,s6,s7,s8",8,8,8,8,8,8,8,8,,,,,,,,,,,,,,,,,,,924
T67,Down,8,"s1,s2,s3,s4,s5,s6,s7,s8,s9,s10,s11,s12,s13,s14",8,8,8,8,8,8,8,8,8,8,8,8,8,8,,,,,,,,,,,,,924
T68,Up,8,"s26,s25,s24,s23,s22,s21,s20,s19,s18,s17,s16,s15,s14,s13,s12,s11,s10,s9,s8,s7,s6,s5,s4,s3,s2,s1",9,9,9,9,9,9,9,8,8,8,8,8,8,8,8,8,8,8,8,8,8,8,8,8,8,8,924
T69,Down,8,"s1,s2,s3,s4,s5,s6,s7,s8",8,8,8,8,8,8,8,8,,,,,,,,,,,,,,,,,,,924
T70,Down,8,"s1,s2,s3,s4,s5,s6,s7,s8,s9,s10,s11,s12,s13,s14,s15,s16,s17,s18,s19,s20,s21,s22,s23,s24,s25,s26",8,8,8,8,8,8,8,8,8,8,8,8,8,8,8,8,8,8,9,9,9,9,9,9,9,9,924
T71,Down,8,"s1,s2,s3,s4,s5,s6,s7,s8,s9,s10",8,8,8,8,8,8,8,8,8,8,,,,,,,,,,,,,,,,,924
T72,Down,8,"s1,s2,s3,s4,s5,s6,s7,s8",8,8,8,8,8,8,8,8,,,,,,,,,,,,,,,,,,,924
T73,Up,8,"s26,s25,s24,s23,s22,s21,s20,s19,s18,s17,s16,s15,s14,s13,s12,s11,s10,s9,s8,s7,s6,s5,s4,s3,s2,s1",9,9,9,9,9,9,9,9,9,9,8,8,8,8,8,8,8,8,8,8,8,8,8,8,8,8,924
T74,Down,8,"s1,s2,s3,s4,s5,s6,s7,s8,s9,s10,s11,s12,s13,s14,s15,s16,s17,s18,s19,s20,s21,s22,s23,s24,s25,s26",8,8,8,8,8,8,8,8,8,8,8,8,8,8,9,9,9,9,9,9,9,9,9,9,9,9,924
T75,Down,8,"s1,s2,s3,s4,s5,s6,s7,s8,s9,s10,s11,s12,s13,s14",8,8,8,8,8,8,8,8,8,8,8,8,8,9,,,,,,,,,,,,,924
T76,Down,8,"s1,s2,s3,s4,s5,s6,s7,s8",8,8,8,8,8,8,8,8,,,,,,,,,,,,,,,,,,,924
T77,Down,8,"s1,s2,s3,s4,s5,s6,s7,s8,s9,s10,s11,s12,s13,s14,s15,s16,s17,s18,s19,s20,s21,s22,s23,s24,s25,s26",8,8,8,8,8,8,8,8,8,8,8,9,9,9,9,9,9,9,9,9,9,9,9,9,9,9,924
T78,Up,8,"s26,s25,s24,s23,s22,s21,s20,s19,s18,s17,s16,s15,s14,s13,s12,s11,s10,s9,s8,s7,s6,s5,s4,s3,s2,s1",9,9,9,9,9,9,9,9,9,9,9,9,9,9,8,8,8,8,8,8,8,8,8,8,8,8,924
T79,Down,8,"s1,s2,s3,s4,s5,s6,s7,s8",8,8,8,8,8,8,8,8,,,,,,,,,,,,,,,,,,,924
T80,Down,8,"s1,s2,s3,s4,s5,s6,s7,s8,s9,s10,s11,s12,s13,s14",8,8,8,8,8,8,8,8,8,9,9,9,9,9,,,,,,,,,,,,,924
T81,Down,8,"s1,s2,s3,s4,s5,s6,s7,s8",8,8,8,8,8,8,8,8,,,,,,,,,,,,,,,,,,,924
T82,Up,8,"s26,s25,s24,s23,s22,s21,s20,s19,s18,s17,s16,s15,s14,s13,s12,s11,s10,s9,s8,s7,s6,s5,s4,s3,s2,s1",9,9,9,9,9,9,9,9,9,9,9,9,9,9,9,9,9,9,8,8,8,8,8,8,8,8,924
T83,Down,8,"s1,s2,s3,s4,s5,s6,s7,s8,s9,s10,s11,s12,s13,s14,s15,s16,s17,s18,s19,s20,s21,s22,s23,s24,s25,s26",8,8,8,8,8,8,8,9,9,9,9,9,9,9,9,9,9,9,9,9,9,9,9,9,9,9,924
T84,Down,8,"s1,s2,s3,s4,s5,s6,s7,s8",8,8,8,8,8,8,9,9,,,,,,,,,,,,,,,,,,,924
T85,Up,8,"s26,s25,s24,s23,s22,s21,s20,s19,s18,s17,s16,s15,s14,s13,s12,s11,s10,s9,s8,s7,s6,s5,s4,s3,s2,s1",9,9,9,9,9,9,9,9,9,9,9,9,9,9,9,9,9,9,9,9,9,8,8,8,8,8,924
T86,Down,8,"s1,s2,s3,s4,s5,s6,s7,s8,s9,s10,s11,s12,s13,s14,s15,s16,s17,s18",8,8,8,8,9,9,9,9,9,9,9,9,9,9,9,9,9,9,,,,,,,,,924
T87,Down,8,"s1,s2,s3,s4,s5,s6,s7,s8",8,8,8,9,9,9,9,9,,,,,,,,,,,,,,,,,,,924
T88,Up,8,"s26,s25,s24,s23,s22,s21,s20,s19,s18,s17,s16,s15,s14,s13,s12,s11,s10,s9,s8,s7,s6,s5,s4,s3,s2,s1",9,9,9,9,9,9,9,9,9,9,9,9,9,9,9,9,9,9,9,9,9,9,9,9,9,8,924
T89,Down,8,"s1,s2,s3,s4,s5,s6,s7,s8,s9,s10,s11,s12,s13,s14,s15,s16,s17,s18,s19,s20,s21,s22,s23,s24,s25,s26",8,9,9,9,9,9,9,9,9,9,9,9,9,9,9,9,9,9,9,9,9,9,9,9,9,9,924
T90,Down,9,"s1,s2,s3,s4,s5,s6,s7,s8",9,9,9,9,9,9,9,9,,,,,,,,,,,,,,,,,,,924
T91,Up,9,"s26,s25,s24,s23,s22,s21,s20,s19,s18,s17,s16,s15,s14,s13,s12,s11,s10,s9,s8,s7,s6,s5,s4,s3,s2,s1",10,10,9,9,9,9,9,9,9,9,9,9,9,9,9,9,9,9,9,9,9,9,9,9,9,9,924
T92,Down,9,"s1,s2,s3,s4,s5,s6,s7,s8,s9,s10,s11,s12,s13,s14,s15,s16,s17,s18,s19,s20,s21,s22,s23,s24,s25,s26",9,9,9,9,9,9,9,9,9,9,9,9,9,9,9,9,9,9,9,9,9,9,10,10,10,10,924
T93,Up,9,"s26,s25,s24,s23,s22,s21,s20,s19,s18,s17,s16,s15,s14,s13,s12,s11,s10,s9,s8,s7,s6,s5,s4,s3,s2,s1",10,10,10,10,10,10,10,9,9,9,9,9,9,9,9,9,9,9,9,9,9,9,9,9,9,9,924
T94,Down,9,"s1,s2,s3,s4,s5,s6,s7,s8,s9,s10,s11,s12,s13,s14,s15,s16,s17,s18,s19,s20,s21,s22,s23,s24,s25,s26",9,9,9,9,9,9,9,9,9,9,9,9,9,9,9,9,9,9,10,10,10,10,10,10,10,10,924
T95,Up,9,"s26,s25,s24,s23,s22,s21,s20,s19,s18,s17,s16,s15,s14,s13,s12,s11,s10,s9,s8,s7,s6,s5,s4,s3,s2,s1",10,10,10,10,10,10,10,10,10,10,9,9,9,9,9,9,9,9,9,9,9,9,9,9,9,9,924
T96,Down,9,"s1,s2,s3,s4,s5,s6,s7,s8,s9,s10,s11,s12,s13,s14,s15,s16,s17,s18,s19,s20,s21,s22,s23,s24,s25,s26",9,9,9,9,9,9,9,9,9,9,9,9,9,9,9,10,10,10,10,10,10,10,10,10,10,10,924
T97,Up,9,"s26,s25,s24,s23,s22,s21,s20,s19,s18,s17,s16,s15,s14,s13,s12,s11,s10,s9,s8,s7,s6,s5,s4,s3,s2,s1",10,10,10,10,10,10,10,10,10,10,10,10,10,10,10,9,9,9,9,9,9,9,9,9,9,9,924
T98,Down,9,"s1,s2,s3,s4,s5,s6,s7,s8,s9,s10,s11,s12,s13,s14,s15,s16,s17,s18,s19,s20,s21,s22,s23,s24,s25,s26",9,9,9,9,9,9,9,9,9,9,9,9,10,10,10,10,10,10,10,10,10,10,10,10,10,10,924
T99,Up,9,"s26,s25,s24,s23,s22,s21,s20,s19,s18,s17,s16,s15,s14,s13,s12,s11,s10,s9,s8,s7,s6,s5,s4,s3,s2,s1",10,10,10,10,10,10,10,10,10,10,10,10,10,10,10,10,10,10,9,9,9,9,9,9,9,9,924
T100,Down,9,"s1,s2,s3,s4,s5,s6,s7,s8,s9,s10,s11,s12,s13,s14,s15,s16,s17,s18,s19,s20,s21,s22,s23,s24,s25,s26",9,9,9,9,9,9,9,9,10,10,10,10,10,10,10,10,10,10,10,10,10,10,10,10,10,10,924
T101,Down,9,"s1,s2,s3,s4,s5,s6,s7,s8,s9,s10,s11,s12,s13,s14,s15,s16,s17,s18,s19,s20,s21,s22,s23,s24,s25,s26",9,9,9,9,10,10,10,10,10,10,10,10,10,10,10,10,10,10,10,10,10,10,10,10,10,10,924
T102,Up,9,"s26,s25,s24,s23,s22,s21,s20,s19,s18,s17,s16,s15,s14,s13,s12,s11,s10,s9,s8,s7,s6,s5,s4,s3,s2,s1",10,10,10,10,10,10,10,10,10,10,10,10,10,10,10,10,10,10,10,10,10,10,10,9,9,9,924
T103,Down,10,"s1,s2,s3,s4,s5,s6,s7,s8,s9,s10,s11,s12,s13,s14,s15,s16,s17,s18,s19,s20,s21,s22,s23,s24,s25,s26",10,10,10,10,10,10,10,10,10,10,10,10,10,10,10,10,10,10,10,10,10,10,10,10,10,10,924
T104,Up,10,"s26,s25,s24,s23,s22,s21,s20,s19,s18,s17,s16,s15,s14,s13,s12,s11,s10,s9,s8,s7,s6,s5,s4,s3,s2,s1",11,10,10,10,10,10,10,10,10,10,10,10,10,10,10,10,10,10,10,10,10,10,10,10,10,10,924
T105,Down,10,"s1,s2,s3,s4,s5,s6,s7,s8,s9,s10,s11,s12,s13,s14,s15,s16,s17,s18,s19,s20,s21,s22,s23,s24,s25,s26",10,10,10,10,10,10,10,10,10,10,10,10,10,10,10,10,10,10,10,10,10,10,10,11,11,11,924
T106,Up,10,"s26,s25,s24,s23,s22,s21,s20,s19,s18,s17,s16,s15,s14,s13,s12,s11,s10,s9,s8,s7,s6,s5,s4,s3,s2,s1",11,11,11,11,11,11,11,10,10,10,10,10,10,10,10,10,10,10,10,10,10,10,10,10,10,10,924
T107,Down,10,"s1,s2,s3,s4,s5,s6,s7,s8,s9,s10,s11,s12,s13,s14,s15,s16,s17,s18,s19,s20,s21,s22,s23,s24,s25,s26",10,10,10,10,10,10,10,10,10,10,10,10,10,10,10,10,10,11,11,11,11,11,11,11,11,11,924
T108,Up,10,"s26,s21,s20,s18,s16,s14,s10,s9,s8,s7,s4,s1",11,,,10,,,10,10,10,10,,,,10,,10,,10,,10,10,,,,,10,924
T109,Up,10,"s26,s25,s24,s23,s22,s21,s20,s19,s18,s17,s16,s15,s14,s13,s12,s11,s10,s9,s8,s7,s6,s5,s4,s3,s2,s1",11,11,11,11,11,11,11,11,11,11,10,10,10,10,10,10,10,10,10,10,10,10,10,10,10,10,924
T110,Down,10,"s1,s4,s7,s8,s9,s10,s14,s16,s18,s20,s21,s26",10,,,10,,,10,10,10,10,,,,10,,10,,10,,11,11,,,,,11,924
T111,Down,10,"s1,s2,s3,s4,s5,s6,s7,s8,s9,s10,s11,s12,s13,s14,s15,s16,s17,s18,s19,s20,s21,s22,s23,s24,s25,s26",10,10,10,10,10,10,10,10,10,10,10,10,10,10,11,11,11,11,11,11,11,11,11,11,11,11,924
T112,Up,10,"s26,s25,s24,s23,s22,s21,s20,s19,s18,s17,s16,s15,s14,s13,s12,s11,s10,s9,s8,s7,s6,s5,s4,s3,s2,s1",11,11,11,11,11,11,11,11,11,11,11,11,11,11,10,10,10,10,10,10,10,10,10,10,10,10,924
T113,Down,10,"s1,s2,s3,s4,s5,s6,s7,s8,s9,s10,s11,s12,s13,s14,s15,s16,s17,s18,s19,s20,s21,s22,s23,s24,s25,s26",10,10,10,10,10,10,10,10,10,10,11,11,11,11,11,11,11,11,11,11,11,11,11,11,11,11,924
T114,Up,10,"s26,s25,s24,s23,s22,s21,s20,s19,s18,s17,s16,s15,s14,s13,s12,s11,s10,s9,s8,s7,s6,s5,s4,s3,s2,s1",11,11,11,11,11,11,11,11,11,11,11,11,11,11,11,11,11,11,10,10,10,10,10,10,10,10,924
T115,Down,10,"s1,s2,s3,s4,s5,s6,s7,s8,s9,s10,s11,s12,s13,s14,s15,s16,s17,s18,s19,s20,s21,s22,s23,s24,s25,s26",10,10,10,10,10,10,11,11,11,11,11,11,11,11,11,11,11,11,11,11,11,11,11,11,11,11,924
T116,Up,10,"s26,s21,s20,s18,s16,s14,s10,s9,s8,s7,s4,s1",11,,,11,,,11,11,11,11,,,,11,,11,,11,,11,10,,,,,10,924
T117,Up,10,"s26,s25,s24,s23,s22,s21,s20,s19,s18,s17,s16,s15,s14,s13,s12,s11,s10,s9,s8,s7,s6,s5,s4,s3,s2,s1",11,11,11,11,11,11,11,11,11,11,11,11,11,11,11,11,11,11,11,11,11,11,11,11,10,10,924
T118,Down,10,"s1,s4,s7,s8,s9,s10,s14,s16,s18,s20,s21,s26",10,,,11,,,11,11,11,11,,,,11,,11,,11,,11,11,,,,,11,924
T119,Down,10,"s1,s2,s3,s4,s5,s6,s7,s8,s9,s10,s11,s12,s13,s14,s15,s16,s17,s18,s19,s20,s21,s22,s23,s24,s25,s26",10,11,11,11,11,11,11,11,11,11,11,11,11,11,11,11,11,11,11,11,11,11,11,11,11,11,924
T120,Up,11,"s26,s25,s24,s23,s22,s21,s20,s19,s18,s17,s16,s15,s14,s13,s12,s11,s10,s9,s8,s7,s6,s5,s4,s3,s2,s1",12,11,11,11,11,11,11,11,11,11,11,11,11,11,11,11,11,11,11,11,11,11,11,11,11,11,924
T121,Down,11,"s1,s2,s3,s4,s5,s6,s7,s8,s9,s10,s11,s12,s13,s14,s15,s16,s17,s18,s19,s20,s21,s22,s23,s24,s25,s26",11,11,11,11,11,11,11,11,11,11,11,11,11,11,11,11,11,11,11,11,11,11,11,12,12,12,924
T122,Up,11,"s26,s25,s24,s23,s22,s21,s20,s19,s18,s17,s16,s15,s14,s13,s12,s11,s10,s9,s8,s7,s6,s5,s4,s3,s2,s1",12,12,12,12,12,12,12,11,11,11,11,11,11,11,11,11,11,11,11,11,11,11,11,11,11,11,924
T123,Down,11,"s1,s2,s3,s4,s5,s6,s7,s8,s9,s10,s11,s12,s13,s14,s15,s16,s17,s18,s19,s20,s21,s22,s23,s24,s25,s26",11,11,11,11,11,11,11,11,11,11,11,11,11,11,11,11,11,12,12,12,12,12,12,12,12,12,924
T124,Up,11,"s26,s21,s20,s18,s16,s14,s10,s9,s8,s7,s4,s1",12,,,11,,,11,11,11,11,,,,11,,11,,11,,11,11,,,,,11,924
T125,Up,11,"s26,s25,s24,s23,s22,s21,s20,s19,s18,s17,s16,s15,s14,s13,s12,s11,s10,s9,s8,s7,s6,s5,s4,s3,s2,s1",12,12,12,12,12,12,12,12,12,12,11,11,11,11,11,11,11,11,11,11,11,11,11,11,11,11,924
T126,Down,11,"s1,s4,s7,s8,s9,s10,s14,s16,s18,s20,s21,s26",11,,,11,,,11,11,11,11,,,,11,,11,,11,,12,12,,,,,12,924
T127,Down,11,"s1,s2,s3,s4,s5,s6,s7,s8,s9,s10,s11,s12,s13,s14,s15,s16,s17,s18,s19,s20,s21,s22,s23,s24,s25,s26",11,11,11,11,11,11,11,11,11,11,11,11,11,11,12,12,12,12,12,12,12,12,12,12,12,12,924
T128,Up,11,"s26,s25,s24,s23,s22,s21,s20,s19,s18,s17,s16,s15,s14,s13,s12,s11,s10,s9,s8,s7,s6,s5,s4,s3,s2,s1",12,12,12,12,12,12,12,12,12,12,12,12,12,12,12,11,11,11,11,11,11,11,11,11,11,11,924
T129,Down,11,"s1,s2,s3,s4,s5,s6,s7,s8,s9,s10,s11,s12,s13,s14,s15,s16,s17,s18,s19,s20,s21,s22,s23,s24,s25,s26",11,11,11,11,11,11,11,11,11,11,12,12,12,12,12,12,12,12,12,12,12,12,12,12,12,12,924
T130,Up,11,"s26,s25,s24,s23,s22,s21,s20,s19,s18,s17,s16,s15,s14,s13,s12,s11,s10,s9,s8,s7,s6,s5,s4,s3,s2,s1",12,12,12,12,12,12,12,12,12,12,12,12,12,12,12,12,12,12,11,11,11,11,11,11,11,11,924
T131,Down,11,"s1,s2,s3,s4,s5,s6,s7,s8,s9,s10,s11,s12,s13,s14,s15,s16,s17,s18,s19,s20,s21,s22,s23,s24,s25,s26",11,11,11,11,11,11,12,12,12,12,12,12,12,12,12,12,12,12,12,12,12,12,12,12,12,12,924
T132,Up,11,"s26,s21,s20,s18,s16,s14,s10,s9,s8,s7,s4,s1",12,,,12,,,12,12,12,12,,,,12,,12,,12,,12,11,,,,,11,924
T133,Up,11,"s26,s25,s24,s23,s22,s21,s20,s19,s18,s17,s16,s15,s14,s13,s12,s11,s10,s9,s8,s7,s6,s5,s4,s3,s2,s1",12,12,12,12,12,12,12,12,12,12,12,12,12,12,12,12,12,12,12,12,12,12,12,12,11,11,924
T134,Down,11,"s1,s4,s7,s8,s9,s10,s14,s16,s18,s20,s21,s26",11,,,12,,,12,12,12,12,,,,12,,12,,12,,12,12,,,,,12,924
T135,Down,11,"s1,s2,s3,s4,s5,s6,s7,s8,s9,s10,s11,s12,s13,s14,s15,s16,s17,s18,s19,s20,s21,s22,s23,s24,s25,s26",11,12,12,12,12,12,12,12,12,12,12,12,12,12,12,12,12,12,12,12,12,12,12,12,12,12,924
T136,Up,12,"s26,s25,s24,s23,s22,s21,s20,s19,s18,s17,s16,s15,s14,s13,s12,s11,s10,s9,s8,s7,s6,s5,s4,s3,s2,s1",13,12,12,12,12,12,12,12,12,12,12,12,12,12,12,12,12,12,12,12,12,12,12,12,12,12,924
T137,Down,12,"s1,s2,s3,s4,s5,s6,s7,s8,s9,s10,s11,s12,s13,s14,s15,s16,s17,s18,s19,s20,s21,s22,s23,s24,s25,s26",12,12,12,12,12,12,12,12,12,12,12,12,12,12,12,12,12,12,12,12,12,12,12,13,13,13,924
T138,Up,12,"s26,s25,s24,s23,s22,s21,s20,s19,s18,s17,s16,s15,s14,s13,s12,s11,s10,s9,s8,s7,s6,s5,s4,s3,s2,s1",13,13,13,13,13,13,13,12,12,12,12,12,12,12,12,12,12,12,12,12,12,12,12,12,12,12,924
T139,Down,12,"s1,s2,s3,s4,s5,s6,s7,s8,s9,s10,s11,s12,s13,s14,s15,s16,s17,s18,s19,s20,s21,s22,s23,s24,s25,s26",12,12,12,12,12,12,12,12,12,12,12,12,12,12,12,12,12,13,13,13,13,13,13,13,13,13,924
T140,Up,12,"s26,s21,s20,s18,s16,s14,s10,s9,s8,s7,s4,s1",13,,,12,,,12,12,12,12,,,,12,,12,,12,,12,12,,,,,12,924
T141,Up,12,"s26,s25,s24,s23,s22,s21,s20,s19,s18,s17,s16,s15,s14,s13,s12,s11,s10,s9,s8,s7,s6,s5,s4,s3,s2,s1",13,13,13,13,13,13,13,13,13,13,12,12,12,12,12,12,12,12,12,12,12,12,12,12,12,12,924
T142,Down,12,"s1,s2,s3,s4,s5,s6,s7,s8,s9,s10,s11,s12,s13,s14,s15,s16,s17,s18,s19,s20,s21,s22,s23,s24,s25,s26",12,12,12,12,12,12,12,12,12,12,12,12,12,12,13,13,13,13,13,13,13,13,13,13,13,13,924
T143,Up,12,"s26,s25,s24,s23,s22,s21,s20,s19,s18,s17,s16,s15,s14,s13,s12,s11,s10,s9,s8,s7,s6,s5,s4,s3,s2,s1",13,13,13,13,13,13,13,13,13,13,13,13,13,13,12,12,12,12,12,12,12,12,12,12,12,12,924
T144,Down,12,"s1,s2,s3,s4,s5,s6,s7,s8,s9,s10,s11,s12,s13,s14,s15,s16,s17,s18,s19,s20,s21,s22,s23,s24,s25,s26",12,12,12,12,12,12,12,12,12,12,13,13,13,13,13,13,13,13,13,13,13,13,13,13,13,13,924
T145,Up,12,"s26,s25,s24,s23,s22,s21,s20,s19,s18,s17,s16,s15,s14,s13,s12,s11,s10,s9,s8,s7,s6,s5,s4,s3,s2,s1",13,13,13,13,13,13,13,13,13,13,13,13,13,13,13,13,13,13,12,12,12,12,12,12,12,12,924
T146,Down,12,"s1,s2,s3,s4,s5,s6,s7,s8,s9,s10,s11,s12,s13,s14,s15,s16,s17,s18,s19,s20,s21,s22,s23,s24,s25,s26",12,12,12,12,12,12,13,13,13,13,13,13,13,13,13,13,13,13,13,13,13,13,13,13,13,13,924
T147,Up,12,"s26,s21,s20,s18,s16,s14,s10,s9,s8,s7,s4,s1",13,,,13,,,13,13,13,13,,,,13,,13,,13,,13,12,,,,,12,924
T148,Up,12,"s26,s25,s24,s23,s22,s21,s20,s19,s18,s17,s16,s15,s14,s13,s12,s11,s10,s9,s8,s7,s6,s5,s4,s3,s2,s1",13,13,13,13,13,13,13,13,13,13,13,13,13,13,13,13,13,13,13,13,13,13,13,13,12,12,924
T149,Down,12,"s1,s4,s7,s8,s9,s10,s14,s16,s18,s20,s21,s26",12,,,13,,,13,13,13,13,,,,13,,13,,13,,13,13,,,,,13,924
T150,Down,12,"s1,s2,s3,s4,s5,s6,s7,s8,s9,s10,s11,s12,s13,s14,s15,s16,s17,s18,s19,s20,s21,s22,s23,s24,s25,s26",12,13,13,13,13,13,13,13,13,13,13,13,13,13,13,13,13,13,13,13,13,13,13,13,13,13,924
T151,Up,13,"s26,s25,s24,s23,s22,s21,s20,s19,s18,s17,s16,s15,s14,s13,s12,s11,s10,s9,s8,s7,s6,s5,s4,s3,s2,s1",14,13,13,13,13,13,13,13,13,13,13,13,13,13,13,13,13,13,13,13,13,13,13,13,13,13,924
T152,Down,13,"s1,s2,s3,s4,s5,s6,s7,s8,s9,s10,s11,s12,s13,s14,s15,s16,s17,s18,s19,s20,s21,s22,s23,s24,s25,s26",13,13,13,13,13,13,13,13,13,13,13,13,13,13,13,13,13,13,13,13,13,13,13,14,14,14,924
T153,Up,13,"s26,s25,s24,s23,s22,s21,s20,s19,s18,s17,s16,s15,s14,s13,s12,s11,s10,s9,s8,s7,s6,s5,s4,s3,s2,s1",14,14,14,14,14,14,14,13,13,13,13,13,13,13,13,13,13,13,13,13,13,13,13,13,13,13,924
T154,Down,13,"s1,s2,s3,s4,s5,s6,s7,s8,s9,s10,s11,s12,s13,s14,s15,s16,s17,s18,s19,s20,s21,s22,s23,s24,s25,s26",13,13,13,13,13,13,13,13,13,13,13,13,13,13,13,13,13,14,14,14,14,14,14,14,14,14,924
T155,Up,13,"s26,s21,s20,s18,s16,s14,s10,s9,s8,s7,s4,s1",14,,,13,,,13,13,13,13,,,,13,,13,,13,,13,13,,,,,13,924
T156,Up,13,"s26,s25,s24,s23,s22,s21,s20,s19,s18,s17,s16,s15,s14,s13,s12,s11,s10,s9,s8,s7,s6,s5,s4,s3,s2,s1",14,14,14,14,14,14,14,14,14,14,13,13,13,13,13,13,13,13,13,13,13,13,13,13,13,13,924
T157,Down,13,"s1,s4,s7,s8,s9,s10,s14,s16,s18,s20,s21,s26",13,,,13,,,13,13,13,13,,,,13,,13,,13,,14,14,,,,,14,924
T158,Down,13,"s1,s2,s3,s4,s5,s6,s7,s8,s9,s10,s11,s12,s13,s14,s15,s16,s17,s18,s19,s20,s21,s22,s23,s24,s25,s26",13,13,13,13,13,13,13,13,13,13,13,13,13,13,14,14,14,14,14,14,14,14,14,14,14,14,924
T159,Up,13,"s26,s25,s24,s23,s22,s21,s20,s19,s18,s17,s16,s15,s14,s13,s12,s11,s10,s9,s8,s7,s6,s5,s4,s3,s2,s1",14,14,14,14,14,14,14,14,14,14,14,14,14,14,13,13,13,13,13,13,13,13,13,13,13,13,924
T160,Down,13,"s1,s2,s3,s4,s5,s6,s7,s8,s9,s10,s11,s12,s13,s14,s15,s16,s17,s18,s19,s20,s21,s22,s23,s24,s25,s26",13,13,13,13,13,13,13,13,13,13,14,14,14,14,14,14,14,14,14,14,14,14,14,14,14,14,924
T161,Up,13,"s26,s25,s24,s23,s22,s21,s20,s19,s18,s17,s16,s15,s14,s13,s12,s11,s10,s9,s8,s7,s6,s5,s4,s3,s2,s1",14,14,14,14,14,14,14,14,14,14,14,14,14,14,14,14,14,14,13,13,13,13,13,13,13,13,924
T162,Down,13,"s1,s2,s3,s4,s5,s6,s7,s8,s9,s10,s11,s12,s13,s14,s15,s16,s17,s18,s19,s20,s21,s22,s23,s24,s25,s26",13,13,13,13,13,13,14,14,14,14,14,14,14,14,14,14,14,14,14,14,14,14,14,14,14,14,924
T163,Up,13,"s26,s21,s20,s18,s16,s14,s10,s9,s8,s7,s4,s1",14,,,14,,,14,14,14,14,,,,14,,14,,14,,14,13,,,,,13,924
T164,Up,13,"s26,s25,s24,s23,s22,s21,s20,s19,s18,s17,s16,s15,s14,s13,s12,s11,s10,s9,s8,s7,s6,s5,s4,s3,s2,s1",14,14,14,14,14,14,14,14,14,14,14,14,14,14,14,14,14,14,14,14,14,14,14,14,13,13,924
T165,Down,13,"s1,s4,s7,s8,s9,s10,s14,s16,s18,s20,s21,s26",13,,,14,,,14,14,14,14,,,,14,,14,,14,,14,14,,,,,14,924
T166,Down,13,"s1,s2,s3,s4,s5,s6,s7,s8,s9,s10,s11,s12,s13,s14,s15,s16,s17,s18,s19,s20,s21,s22,s23,s24,s25,s26",13,14,14,14,14,14,14,14,14,14,14,14,14,14,14,14,14,14,14,14,14,14,14,14,14,14,924
T167,Up,14,"s26,s25,s24,s23,s22,s21,s20,s19,s18,s17,s16,s15,s14,s13,s12,s11,s10,s9,s8,s7,s6,s5,s4,s3,s2,s1",15,14,14,14,14,14,14,14,14,14,14,14,14,14,14,14,14,14,14,14,14,14,14,14,14,14,924
T168,Down,14,"s1,s2,s3,s4,s5,s6,s7,s8,s9,s10,s11,s12,s13,s14,s15,s16,s17,s18,s19,s20,s21,s22,s23,s24,s25,s26",14,14,14,14,14,14,14,14,14,14,14,14,14,14,14,14,14,14,14,14,14,14,14,15,15,15,924
T169,Up,14,"s26,s25,s24,s23,s22,s21,s20,s19,s18,s17,s16,s15,s14,s13,s12,s11,s10,s9,s8,s7,s6,s5,s4,s3,s2,s1",15,15,15,15,15,15,15,14,14,14,14,14,14,14,14,14,14,14,14,14,14,14,14,14,14,14,924
T170,Down,14,"s1,s2,s3,s4,s5,s6,s7,s8,s9,s10,s11,s12,s13,s14,s15,s16,s17,s18,s19,s20,s21,s22,s23,s24,s25,s26",14,14,14,14,14,14,14,14,14,14,14,14,14,14,14,14,14,15,15,15,15,15,15,15,15,15,924
T171,Up,14,"s26,s21,s20,s18,s16,s14,s10,s9,s8,s7,s4,s1",15,,,14,,,14,14,14,14,,,,14,,14,,14,,14,14,,,,,14,924
T172,Up,14,"s26,s25,s24,s23,s22,s21,s20,s19,s18,s17,s16,s15,s14,s13,s12,s11,s10,s9,s8,s7,s6,s5,s4,s3,s2,s1",15,15,15,15,15,15,15,15,15,15,14,14,14,14,14,14,14,14,14,14,14,14,14,14,14,14,924
T173,Down,14,"s1,s4,s7,s8,s9,s10,s14,s16,s18,s20,s21,s26",14,,,14,,,14,14,14,14,,,,14,,14,,14,,15,15,,,,,15,924
T174,Down,14,"s1,s2,s3,s4,s5,s6,s7,s8,s9,s10,s11,s12,s13,s14,s15,s16,s17,s18,s19,s20,s21,s22,s23,s24,s25,s26",14,14,14,14,14,14,14,14,14,14,14,14,14,14,15,15,15,15,15,15,15,15,15,15,15,15,924
T175,Up,14,"s26,s25,s24,s23,s22,s21,s20,s19,s18,s17,s16,s15,s14,s13,s12,s11,s10,s9,s8,s7,s6,s5,s4,s3,s2,s1",15,15,15,15,15,15,15,15,15,15,15,15,15,15,14,14,14,14,14,14,14,14,14,14,14,14,924
T176,Down,14,"s1,s2,s3,s4,s5,s6,s7,s8,s9,s10,s11,s12,s13,s14,s15,s16,s17,s18,s19,s20,s21,s22,s23,s24,s25,s26",14,14,14,14,14,14,14,14,14,14,15,15,15,15,15,15,15,15,15,15,15,15,15,15,15,15,924
T177,Up,14,"s26,s25,s24,s23,s22,s21,s20,s19,s18,s17,s16,s15,s14,s13,s12,s11,s10,s9,s8,s7,s6,s5,s4,s3,s2,s1",15,15,15,15,15,15,15,15,15,15,15,15,15,15,15,15,15,15,14,14,14,14,14,14,14,14,924
T178,Down,14,"s1,s2,s3,s4,s5,s6,s7,s8,s9,s10,s11,s12,s13,s14,s15,s16,s17,s18,s19,s20,s21,s22,s23,s24,s25,s26",14,14,14,14,14,14,15,15,15,15,15,15,15,15,15,15,15,15,15,15,15,15,15,15,15,15,924
T179,Up,14,"s26,s21,s20,s18,s16,s14,s10,s9,s8,s7,s4,s1",15,,,15,,,15,15,15,15,,,,15,,15,,15,,15,14,,,,,14,924
T180,Up,14,"s26,s25,s24,s23,s22,s21,s20,s19,s18,s17,s16,s15,s14,s13,s12,s11,s10,s9,s8,s7,s6,s5,s4,s3,s2,s1",15,15,15,15,15,15,15,15,15,15,15,15,15,15,15,15,15,15,15,15,15,15,15,15,14,14,924
T181,Down,14,"s1,s4,s7,s8,s9,s10,s14,s16,s18,s20,s21,s26",14,,,15,,,15,15,15,15,,,,15,,15,,15,,15,15,,,,,15,924
T182,Down,14,"s1,s2,s3,s4,s5,s6,s7,s8,s9,s10,s11,s12,s13,s14,s15,s16,s17,s18,s19,s20,s21,s22,s23,s24,s25,s26",14,15,15,15,15,15,15,15,15,15,15,15,15,15,15,15,15,15,15,15,15,15,15,15,15,15,924
T183,Up,15,"s26,s25,s24,s23,s22,s21,s20,s19,s18,s17,s16,s15,s14,s13,s12,s11,s10,s9,s8,s7,s6,s5,s4,s3,s2,s1",16,15,15,15,15,15,15,15,15,15,15,15,15,15,15,15,15,15,15,15,15,15,15,15,15,15,924
T184,Down,15,"s1,s2,s3,s4,s5,s6,s7,s8,s9,s10,s11,s12,s13,s14,s15,s16,s17,s18,s19,s20,s21,s22,s23,s24,s25,s26",15,15,15,15,15,15,15,15,15,15,15,15,15,15,15,15,15,15,15,15,15,15,15,16,16,16,924
T185,Up,15,"s26,s25,s24,s23,s22,s21,s20,s19,s18,s17,s16,s15,s14,s13,s12,s11,s10,s9,s8,s7,s6,s5,s4,s3,s2,s1",16,16,16,16,16,16,16,15,15,15,15,15,15,15,15,15,15,15,15,15,15,15,15,15,15,15,924
T186,Down,15,"s1,s2,s3,s4,s5,s6,s7,s8,s9,s10,s11,s12,s13,s14,s15,s16,s17,s18,s19,s20,s21,s22,s23,s24,s25,s26",15,15,15,15,15,15,15,15,15,15,15,15,15,15,15,15,15,16,16,16,16,16,16,16,16,16,924
T187,Up,15,"s26,s21,s20,s18,s16,s14,s10,s9,s8,s7,s4,s1",16,,,15,,,15,15,15,15,,,,15,,15,,15,,15,15,,,,,15,924
T188,Up,15,"s26,s25,s24,s23,s22,s21,s20,s19,s18,s17,s16,s15,s14,s13,s12,s11,s10,s9,s8,s7,s6,s5,s4,s3,s2,s1",16,16,16,16,16,16,16,16,16,16,15,15,15,15,15,15,15,15,15,15,15,15,15,15,15,15,924
T189,Down,15,"s1,s4,s7,s8,s9,s10,s14,s16,s18,s20,s21,s26",15,,,15,,,15,15,15,15,,,,15,,15,,15,,16,16,,,,,16,924
T190,Down,15,"s1,s2,s3,s4,s5,s6,s7,s8,s9,s10,s11,s12,s13,s14,s15,s16,s17,s18,s19,s20,s21,s22,s23,s24,s25,s26",15,15,15,15,15,15,15,15,15,15,15,15,15,15,16,16,16,16,16,16,16,16,16,16,16,16,924
T191,Up,15,"s26,s25,s24,s23,s22,s21,s20,s19,s18,s17,s16,s15,s14,s13,s12,s11,s10,s9,s8,s7,s6,s5,s4,s3,s2,s1",16,16,16,16,16,16,16,16,16,16,16,16,16,16,15,15,15,15,15,15,15,15,15,15,15,15,924
T192,Down,15,"s1,s2,s3,s4,s5,s6,s7,s8,s9,s10,s11,s12,s13,s14,s15,s16,s17,s18,s19,s20,s21,s22,s23,s24,s25,s26",15,15,15,15,15,15,15,15,15,15,16,16,16,16,16,16,16,16,16,16,16,16,16,16,16,16,924
T193,Up,15,"s26,s25,s24,s23,s22,s21,s20,s19,s18,s17,s16,s15,s14,s13,s12,s11,s10,s9,s8,s7,s6,s5,s4,s3,s2,s1",16,16,16,16,16,16,16,16,16,16,16,16,16,16,16,16,16,16,15,15,15,15,15,15,15,15,924
T194,Down,15,"s1,s2,s3,s4,s5,s6,s7,s8,s9,s10,s11,s12,s13,s14,s15,s16,s17,s18,s19,s20,s21,s22,s23,s24,s25,s26",15,15,15,15,15,15,16,16,16,16,16,16,16,16,16,16,16,16,16,16,16,16,16,16,16,16,924
T195,Up,15,"s26,s21,s20,s18,s16,s14,s10,s9,s8,s7,s4,s1",16,,,16,,,16,16,16,16,,,,16,,16,,16,,16,15,,,,,15,924
T196,Up,15,"s26,s25,s24,s23,s22,s21,s20,s19,s18,s17,s16,s15,s14,s13,s12,s11,s10,s9,s8,s7,s6,s5,s4,s3,s2,s1",16,16,16,16,16,16,16,16,16,16,16,16,16,16,16,16,16,16,16,16,16,16,16,16,15,15,924
T197,Down,15,"s1,s4,s7,s8,s9,s10,s14,s16,s18,s20,s21,s26",15,,,16,,,16,16,16,16,,,,16,,16,,16,,16,16,,,,,16,924
T198,Down,15,"s1,s2,s3,s4,s5,s6,s7,s8,s9,s10,s11,s12,s13,s14,s15,s16,s17,s18,s19,s20,s21,s22,s23,s24,s25,s26",15,16,16,16,16,16,16,16,16,16,16,16,16,16,16,16,16,16,16,16,16,16,16,16,16,16,924
T199,Up,16,"s26,s25,s24,s23,s22,s21,s20,s19,s18,s17,s16,s15,s14,s13,s12,s11,s10,s9,s8,s7,s6,s5,s4,s3,s2,s1",16,16,16,16,16,16,16,16,16,16,16,16,16,16,16,16,16,16,16,16,16,16,16,16,16,16,924
T200,Down,16,"s1,s2,s3,s4,s5,s6,s7,s8,s9,s10,s11,s12,s13,s14,s15,s16,s17,s18,s19,s20,s21,s22,s23,s24,s25,s26",16,16,16,16,16,16,16,16,16,16,16,16,16,16,16,16,16,16,16,16,16,16,17,17,17,17,924
T201,Up,16,"s26,s25,s24,s23,s22,s21,s20,s19,s18,s17,s16,s15,s14,s13,s12,s11,s10,s9,s8,s7,s6,s5,s4,s3,s2,s1",17,17,17,16,16,16,16,16,16,16,16,16,16,16,16,16,16,16,16,16,16,16,16,16,16,16,924
T202,Down,16,"s1,s2,s3,s4,s5,s6,s7,s8,s9,s10,s11,s12,s13,s14",16,16,16,16,16,16,16,16,16,16,16,16,16,16,,,,,,,,,,,,,924
T203,Up,16,"s26,s25,s24,s23,s22,s21,s20,s19,s18,s17,s16,s15,s14,s13,s12,s11,s10,s9,s8,s7,s6,s5,s4,s3,s2,s1",17,17,17,17,17,17,17,17,16,16,16,16,16,16,16,16,16,16,16,16,16,16,16,16,16,16,924
T204,Down,16,"s1,s2,s3,s4,s5,s6,s7,s8,s9,s10,s11,s12,s13,s14,s15,s16,s17,s18,s19,s20,s21,s22,s23,s24,s25,s26",16,16,16,16,16,16,16,16,16,16,16,16,16,16,16,16,16,17,17,17,17,17,17,17,17,17,924
T205,Up,16,"s26,s25,s24,s23,s22,s21,s20,s19,s18,s17,s16,s15,s14,s13,s12,s11,s10,s9,s8,s7,s6,s5,s4,s3,s2,s1",17,17,17,17,17,17,17,17,17,17,17,17,17,16,16,16,16,16,16,16,16,16,16,16,16,16,924
T206,Down,16,"s1,s2,s3,s4,s5,s6,s7,s8,s9,s10,s11,s12,s13,s14,s15,s16,s17,s18,s19,s20,s21,s22,s23,s24,s25,s26",16,16,16,16,16,16,16,16,16,16,16,16,16,17,17,17,17,17,17,17,17,17,17,17,17,17,924
T207,Up,16,"s26,s25,s24,s23,s22,s21,s20,s19,s18,s17,s16,s15,s14,s13,s12,s11,s10,s9,s8,s7,s6,s5,s4,s3,s2,s1",17,17,17,17,17,17,17,17,17,17,17,17,17,17,17,17,16,16,16,16,16,16,16,16,16,16,924
T208,Down,16,"s1,s2,s3,s4,s5,s6,s7,s8,s9,s10,s11,s12,s13,s14,s15,s16,s17,s18",16,16,16,16,16,16,16,16,16,16,17,17,17,17,17,17,17,17,,,,,,,,,924
T209,Down,16,"s1,s2,s3,s4,s5,s6,s7,s8,s9,s10,s11,s12,s13,s14,s15,s16,s17,s18,s19,s20,s21,s22,s23,s24,s25,s26",16,16,16,16,16,16,16,17,17,17,17,17,17,17,17,17,17,17,17,17,17,17,17,17,17,17,924
T210,Up,16,"s26,s25,s24,s23,s22,s21,s20,s19,s18,s17,s16,s15,s14,s13,s12,s11,s10,s9,s8,s7,s6,s5,s4,s3,s2,s1",17,17,17,17,17,17,17,17,17,17,17,17,17,17,17,17,17,17,17,16,16,16,16,16,16,16,924
T211,Down,16,"s1,s2,s3,s4,s5,s6,s7,s8,s9,s10,s11,s12,s13,s14",16,16,16,16,16,17,17,17,17,17,17,17,17,17,,,,,,,,,,,,,924
T212,Down,16,"s1,s2,s3,s4,s5,s6,s7,s8,s9,s10,s11,s12,s13,s14,s15,s16,s17,s18,s19,s20,s21,s22,s23,s24,s25,s26",16,16,16,17,17,17,17,17,17,17,17,17,17,17,17,17,17,17,17,17,17,17,17,17,17,17,924
T213,Up,16,"s26,s25,s24,s23,s22,s21,s20,s19,s18,s17,s16,s15,s14,s13,s12,s11,s10,s9,s8,s7,s6,s5,s4,s3,s2,s1",17,17,17,17,17,17,17,17,17,17,17,17,17,17,17,17,17,17,17,17,17,17,17,16,16,16,924
T214,Down,17,"s1,s2,s3,s4,s5,s6,s7,s8,s9,s10,s11,s12,s13,s14,s15,s16,s17,s18,s19,s20,s21,s22,s23,s24,s25,s26",17,17,17,17,17,17,17,17,17,17,17,17,17,17,17,17,17,17,17,17,17,17,17,17,17,18,924
T215,Up,17,"s26,s25,s24,s23,s22,s21,s20,s19,s18,s17,s16,s15,s14,s13,s12,s11,s10,s9,s8,s7,s6,s5,s4,s3,s2,s1",18,18,17,17,17,17,17,17,17,17,17,17,17,17,17,17,17,17,17,17,17,17,17,17,17,17,924
T216,Down,17,"s1,s2,s3,s4,s5,s6,s7,s8,s9,s10,s11,s12,s13,s14,s15,s16,s17,s18",17,17,17,17,17,17,17,17,17,17,17,17,17,17,17,17,17,17,,,,,,,,,924
T217,Down,17,"s1,s2,s3,s4,s5,s6,s7,s8,s9,s10,s11,s12,s13,s14,s15,s16,s17,s18,s19,s20,s21,s22,s23,s24,s25,s26",17,17,17,17,17,17,17,17,17,17,17,17,17,17,17,17,17,17,17,17,18,18,18,18,18,18,924
T218,Up,17,"s26,s25,s24,s23,s22,s21,s20,s19,s18,s17,s16,s15,s14,s13,s12,s11,s10,s9,s8,s7,s6,s5,s4,s3,s2,s1",18,18,18,18,18,17,17,17,17,17,17,17,17,17,17,17,17,17,17,17,17,17,17,17,17,17,924
T219,Down,17,"s1,s2,s3,s4,s5,s6,s7,s8,s9,s10,s11,s12,s13,s14,s15,s16,s17,s18,s19,s20,s21,s22,s23,s24,s25,s26",17,17,17,17,17,17,17,17,17,17,17,17,17,17,17,17,17,18,18,18,18,18,18,18,18,18,924
T220,Down,17,"s1,s2,s3,s4,s5,s6,s7,s8,s9,s10,s11,s12,s13,s14",17,17,17,17,17,17,17,17,17,17,17,17,17,17,,,,,,,,,,,,,924
T221,Up,17,"s26,s25,s24,s23,s22,s21,s20,s19,s18,s17,s16,s15,s14,s13,s12,s11,s10,s9,s8,s7,s6,s5,s4,s3,s2,s1",18,18,18,18,18,18,18,18,18,18,18,18,17,17,17,17,17,17,17,17,17,17,17,17,17,17,924
T222,Down,17,"s1,s2,s3,s4,s5,s6,s7,s8,s9,s10,s11,s12,s13,s14,s15,s16,s17,s18,s19,s20,s21,s22,s23,s24,s25,s26",17,17,17,17,17,17,17,17,17,17,17,17,17,17,18,18,18,18,18,18,18,18,18,18,18,18,924
T223,Down,17,"s1,s2,s3,s4,s5,s6,s7,s8,s9,s10,s11,s12,s13,s14,s15,s16,s17,s18,s19,s20,s21,s22,s23,s24,s25,s26",17,17,17,17,17,17,17,17,17,17,17,17,17,18,18,18,18,18,18,18,18,18,18,18,18,18,924
T224,Up,17,"s26,s25,s24,s23,s22,s21,s20,s19,s18,s17,s16,s15,s14,s13,s12,s11,s10,s9,s8,s7,s6,s5,s4,s3,s2,s1",18,18,18,18,18,18,18,18,18,18,18,18,18,18,17,17,17,17,17,17,17,17,17,17,17,17,924
T225,Down,17,"s1,s2,s3,s4,s5,s6,s7,s8,s9,s10,s11,s12,s13,s14,s15,s16,s17,s18,s19,s20,s21,s22,s23,s24,s25,s26",17,17,17,17,17,17,17,17,17,18,18,18,18,18,18,18,18,18,18,18,18,18,18,18,18,18,924
T226,Down,17,"s1,s4,s7,s8,s9,s10,s14,s16,s18",17,,,17,,,17,17,17,18,,,,18,,18,,18,,,,,,,,,924
T227,Down,17,"s1,s2,s3,s4,s5,s6,s7,s8,s9,s10,s11,s12,s13,s14,s15,s16,s17,s18",17,17,17,17,17,17,17,18,18,18,18,18,18,18,18,18,18,18,,,,,,,,,924
T228,Up,17,"s26,s25,s24,s23,s22,s21,s20,s19,s18,s17,s16,s15,s14,s13,s12,s11,s10,s9,s8,s7,s6,s5,s4,s3,s2,s1",18,18,18,18,18,18,18,18,18,18,18,18,18,18,18,18,18,18,18,17,17,17,17,17,17,17,924
T229,Down,17,"s1,s2,s3,s4,s5,s6,s7,s8,s9,s10,s11,s12,s13,s14,s15,s16,s17,s18,s19,s20,s21,s22,s23,s24,s25,s26",17,17,17,17,18,18,18,18,18,18,18,18,18,18,18,18,18,18,18,18,18,18,18,18,18,18,924
T230,Up,17,"s26,s25,s24,s23,s22,s21,s20,s19,s18,s17,s16,s15,s14,s13,s12,s11,s10,s9,s8,s7,s6,s5,s4,s3,s2,s1",18,18,18,18,18,18,18,18,18,18,18,18,18,18,18,18,18,18,18,18,18,18,18,17,17,17,924
T231,Down,17,"s1,s2,s3,s4,s5,s6,s7,s8,s9,s10,s11,s12,s13,s14",17,17,18,18,18,18,18,18,18,18,18,18,18,18,,,,,,,,,,,,,924
T232,Down,18,"s1,s2,s3,s4,s5,s6,s7,s8,s9,s10,s11,s12,s13,s14,s15,s16,s17,s18,s19,s20,s21,s22,s23,s24,s25,s26",18,18,18,18,18,18,18,18,18,18,18,18,18,18,18,18,18,18,18,18,18,18,18,18,19,19,924
T233,Up,18,"s26,s25,s24,s23,s22,s21,s20,s19,s18,s17,s16,s15,s14,s13,s12,s11,s10,s9,s8,s7,s6,s5,s4,s3,s2,s1",19,19,19,18,18,18,18,18,18,18,18,18,18,18,18,18,18,18,18,18,18,18,18,18,18,18,924
T234,Down,18,"s1,s2,s3,s4,s5,s6,s7,s8,s9,s10,s11,s12,s13,s14,s15,s16,s17,s18,s19,s20,s21,s22,s23,s24,s25,s26",18,18,18,18,18,18,18,18,18,18,18,18,18,18,18,18,18,18,18,19,19,19,19,19,19,19,924
T235,Down,18,"s1,s4,s7,s8,s9,s10,s14,s16,s18",18,,,18,,,18,18,18,18,,,,18,,18,,18,,,,,,,,,924
T236,Up,18,"s26,s25,s24,s23,s22,s21,s20,s19,s18,s17,s16,s15,s14,s13,s12,s11,s10,s9,s8,s7,s6,s5,s4,s3,s2,s1",19,19,19,19,19,18,18,18,18,18,18,18,18,18,18,18,18,18,18,18,18,18,18,18,18,18,924
T237,Down,18,"s1,s2,s3,s4,s5,s6,s7,s8,s9,s10,s11,s12,s13,s14,s15,s16,s17,s18",18,18,18,18,18,18,18,18,18,18,18,18,18,18,18,18,18,18,,,,,,,,,924
T238,Up,18,"s26,s25,s24,s23,s22,s21,s20,s19,s18,s17,s16,s15,s14,s13,s12,s11,s10,s9,s8,s7,s6,s5,s4,s3,s2,s1",19,19,19,19,19,19,19,19,18,18,18,18,18,18,18,18,18,18,18,18,18,18,18,18,18,18,924
T239,Down,18,"s1,s2,s3,s4,s5,s6,s7,s8,s9,s10,s11,s12,s13,s14,s15,s16,s17,s18,s19,s20,s21,s22,s23,s24,s25,s26",18,18,18,18,18,18,18,18,18,18,18,18,18,18,18,18,19,19,19,19,19,19,19,19,19,19,924
T240,Up,18,"s26,s25,s24,s23,s22,s21,s20,s19,s18,s17,s16,s15,s14,s13,s12,s11,s10,s9,s8,s7,s6,s5,s4,s3,s2,s1",19,19,19,19,19,19,19,19,19,19,18,18,18,18,18,18,18,18,18,18,18,18,18,18,18,18,924
T241,Down,18,"s1,s2,s3,s4,s5,s6,s7,s8,s9,s10,s11,s12,s13,s14",18,18,18,18,18,18,18,18,18,18,18,18,18,18,,,,,,,,,,,,,924
T242,Down,18,"s1,s2,s3,s4,s5,s6,s7,s8,s9,s10,s11,s12,s13,s14,s15,s16,s17,s18,s19,s20,s21,s22,s23,s24,s25,s26",18,18,18,18,18,18,18,18,18,18,18,18,18,19,19,19,19,19,19,19,19,19,19,19,19,19,924
T243,Up,18,"s26,s25,s24,s23,s22,s21,s20,s19,s18,s17,s16,s15,s14,s13,s12,s11,s10,s9,s8,s7,s6,s5,s4,s3,s2,s1",19,19,19,19,19,19,19,19,19,19,19,19,19,19,19,18,18,18,18,18,18,18,18,18,18,18,924
T244,Down,18,"s1,s2,s3,s4,s5,s6,s7,s8,s9,s10,s11,s12,s13,s14,s15,s16,s17,s18,s19,s20,s21,s22,s23,s24,s25,s26",18,18,18,18,18,18,18,18,18,19,19,19,19,19,19,19,19,19,19,19,19,19,19,19,19,19,924
T245,Down,18,"s1,s4,s7,s8,s9,s10,s14,s16,s18",18,,,18,,,18,18,18,19,,,,19,,19,,19,,,,,,,,,924
T246,Down,18,"s1,s2,s3,s4,s5,s6,s7,s8,s9,s10,s11,s12,s13,s14,s15,s16,s17,s18",18,18,18,18,18,18,18,19,19,19,19,19,19,19,19,19,19,19,,,,,,,,,924
T247,Up,18,"s26,s25,s24,s23,s22,s21,s20,s19,s18,s17,s16,s15,s14,s13,s12,s11,s10,s9,s8,s7,s6,s5,s4,s3,s2,s1",19,19,19,19,19,19,19,19,19,19,19,19,19,19,19,19,19,19,19,18,18,18,18,18,18,18,924
T248,Down,18,"s1,s2,s3,s4,s5,s6,s7,s8,s9,s10,s11,s12,s13,s14,s15,s16,s17,s18,s19,s20,s21,s22,s23,s24,s25,s26",18,18,18,18,19,19,19,19,19,19,19,19,19,19,19,19,19,19,19,19,19,19,19,19,19,19,924
T249,Up,18,"s26,s25,s24,s23,s22,s21,s20,s19,s18,s17,s16,s15,s14,s13,s12,s11,s10,s9,s8,s7,s6,s5,s4,s3,s2,s1",19,19,19,19,19,19,19,19,19,19,19,19,19,19,19,19,19,19,19,19,19,19,19,18,18,18,924
T250,Down,18,"s1,s2,s3,s4,s5,s6,s7,s8,s9,s10,s11,s12,s13,s14",18,18,19,19,19,19,19,19,19,19,19,19,19,19,,,,,,,,,,,,,924
T251,Down,19,"s1,s2,s3,s4,s5,s6,s7,s8,s9,s10,s11,s12,s13,s14,s15,s16,s17,s18,s19,s20,s21,s22,s23,s24,s25,s26",19,19,19,19,19,19,19,19,19,19,19,19,19,19,19,19,19,19,19,19,19,19,19,19,20,20,924
T252,Up,19,"s26,s25,s24,s23,s22,s21,s20,s19,s18,s17,s16,s15,s14,s13,s12,s11,s10,s9,s8,s7,s6,s5,s4,s3,s2,s1",20,20,20,20,19,19,19,19,19,19,19,19,19,19,19,19,19,19,19,19,19,19,19,19,19,19,924
T253,Down,19,"s1,s2,s3,s4,s5,s6,s7,s8,s9,s10,s11,s12,s13,s14,s15,s16,s17,s18,s19,s20,s21,s22,s23,s24,s25,s26",19,19,19,19,19,19,19,19,19,19,19,19,19,19,19,19,19,19,19,19,19,20,20,20,20,20,924
T254,Down,19,"s1,s4,s7,s8,s9,s10,s14,s16,s18",19,,,19,,,19,19,19,19,,,,19,,19,,19,,,,,,,,,924
T255,Down,19,"s1,s2,s3,s4,s5,s6,s7,s8,s9,s10,s11,s12,s13,s14,s15,s16,s17,s18",19,19,19,19,19,19,19,19,19,19,19,19,19,19,19,19,19,19,,,,,,,,,924
T256,Up,19,"s26,s25,s24,s23,s22,s21,s20,s19,s18,s17,s16,s15,s14,s13,s12,s11,s10,s9,s8,s7,s6,s5,s4,s3,s2,s1",20,20,20,20,20,20,19,19,19,19,19,19,19,19,19,19,19,19,19,19,19,19,19,19,19,19,924
T257,Down,19,"s1,s2,s3,s4,s5,s6,s7,s8,s9,s10,s11,s12,s13,s14,s15,s16,s17,s18,s19,s20,s21,s22,s23,s24,s25,s26",19,19,19,19,19,19,19,19,19,19,19,19,19,19,19,19,19,20,20,20,20,20,20,20,20,20,924
T258,Up,19,"s26,s25,s24,s23,s22,s21,s20,s19,s18,s17,s16,s15,s14,s13,s12,s11,s10,s9,s8,s7,s6,s5,s4,s3,s2,s1",20,20,20,20,20,20,20,20,20,19,19,19,19,19,19,19,19,19,19,19,19,19,19,19,19,19,924
T259,Down,19,"s1,s2,s3,s4,s5,s6,s7,s8,s9,s10,s11,s12,s13,s14,s15,s16,s17,s18,s19,s20,s21,s22,s23,s24,s25,s26",19,19,19,19,19,19,19,19,19,19,19,19,19,19,20,20,20,20,20,20,20,20,20,20,20,20,924
T260,Down,19,"s1,s2,s3,s4,s5,s6,s7,s8,s9,s10,s11,s12,s13,s14",19,19,19,19,19,19,19,19,19,19,19,19,19,20,,,,,,,,,,,,,924
T261,Up,19,"s26,s25,s24,s23,s22,s21,s20,s19,s18,s17,s16,s15,s14,s13,s12,s11,s10,s9,s8,s7,s6,s5,s4,s3,s2,s1",20,20,20,20,20,20,20,20,20,20,20,20,20,20,20,19,19,19,19,19,19,19,19,19,19,19,924
T262,Down,19,"s1,s2,s3,s4,s5,s6,s7,s8,s9,s10,s11,s12,s13,s14,s15,s16,s17,s18,s19,s20,s21,s22,s23,s24,s25,s26",19,19,19,19,19,19,19,19,19,19,20,20,20,20,20,20,20,20,20,20,20,20,20,20,20,20,924
T263,Down,19,"s1,s2,s3,s4,s5,s6,s7,s8,s9,s10,s11,s12,s13,s14",19,19,19,19,19,19,19,19,20,20,20,20,20,20,,,,,,,,,,,,,924
T264,Up,19,"s26,s25,s24,s23,s22,s21,s20,s19,s18,s17,s16,s15,s14,s13,s12,s11,s10,s9,s8,s7,s6,s5,s4,s3,s2,s1",20,20,20,20,20,20,20,20,20,20,20,20,20,20,20,20,20,20,20,19,19,19,19,19,19,19,924
T265,Down,19,"s1,s2,s3,s4,s5,s6,s7,s8,s9,s10,s11,s12,s13,s14,s15,s16,s17,s18,s19,s20,s21,s22,s23,s24,s25,s26",19,19,19,19,19,19,20,20,20,20,20,20,20,20,20,20,20,20,20,20,20,20,20,20,20,20,924
T266,Down,19,"s1,s2,s3,s4,s5,s6,s7,s8,s9,s10,s11,s12,s13,s14,s15,s16,s17,s18,s19,s20,s21,s22,s23,s24,s25,s26",19,19,19,20,20,20,20,20,20,20,20,20,20,20,20,20,20,20,20,20,20,20,20,20,20,20,924
T267,Up,19,"s26,s25,s24,s23,s22,s21,s20,s19,s18,s17,s16,s15,s14,s13,s12,s11,s10,s9,s8,s7,s6,s5,s4,s3,s2,s1",20,20,20,20,20,20,20,20,20,20,20,20,20,20,20,20,20,20,20,20,20,20,20,19,19,19,924
T268,Up,20,"s26,s25,s24,s23,s22,s21,s20,s19,s18,s17,s16,s15,s14,s13,s12,s11,s10,s9,s8,s7,s6,s5,s4,s3,s2,s1",20,20,20,20,20,20,20,20,20,20,20,20,20,20,20,20,20,20,20,20,20,20,20,20,20,20,924
T269,Down,20,"s1,s2,s3,s4,s5,s6,s7,s8,s9,s10,s11,s12,s13,s14,s15,s16,s17,s18,s19,s20,s21,s22,s23,s24,s25,s26",20,20,20,20,20,20,20,20,20,20,20,20,20,20,20,20,20,20,20,20,20,20,20,20,21,21,924
T270,Down,20,"s1,s2,s3,s4,s5,s6,s7,s8,s9,s10,s11,s12,s13,s14,s15,s16,s17,s18,s19,s20,s21,s22,s23,s24,s25,s26",20,20,20,20,20,20,20,20,20,20,20,20,20,20,20,20,20,20,20,20,20,21,21,21,21,21,924
T271,Up,20,"s26,s25,s24,s23,s22,s21,s20,s19,s18,s17,s16,s15,s14,s13,s12,s11,s10,s9,s8,s7,s6,s5,s4,s3,s2,s1",21,21,20,20,20,20,20,20,20,20,20,20,20,20,20,20,20,20,20,20,20,20,20,20,20,20,924
T272,Down,20,"s1,s2,s3,s4,s5,s6,s7,s8,s9,s10,s11,s12,s13,s14,s15,s16,s17,s18",20,20,20,20,20,20,20,20,20,20,20,20,20,20,20,20,20,20,,,,,,,,,924
T273,Up,20,"s26,s25,s24,s23,s22,s21,s20,s19,s18,s17,s16,s15,s14,s13,s12,s11,s10,s9,s8,s7,s6,s5,s4,s3,s2,s1",21,21,21,21,21,20,20,20,20,20,20,20,20,20,20,20,20,20,20,20,20,20,20,20,20,20,924
T274,Down,20,"s1,s2,s3,s4,s5,s6,s7,s8,s9,s10,s11,s12,s13,s14,s15,s16,s17,s18,s19,s20,s21,s22,s23,s24,s25,s26",20,20,20,20,20,20,20,20,20,20,20,20,20,20,20,20,20,21,21,21,21,21,21,21,21,21,924
T275,Up,20,"s26,s25,s24,s23,s22,s21,s20,s19,s18,s17,s16,s15,s14,s13,s12,s11,s10,s9,s8,s7,s6,s5,s4,s3,s2,s1",21,21,21,21,21,21,21,21,21,20,20,20,20,20,20,20,20,20,20,20,20,20,20,20,20,20,924
T276,Down,20,"s1,s2,s3,s4,s5,s6,s7,s8,s9,s10,s11,s12,s13,s14,s15,s16,s17,s18,s19,s20,s21,s22,s23,s24,s25,s26",20,20,20,20,20,20,20,20,20,20,20,20,20,20,21,21,21,21,21,21,21,21,21,21,21,21,924
T277,Up,20,"s26,s25,s24,s23,s22,s21,s20,s19,s18,s17,s16,s15,s14,s13,s12,s11,s10,s9,s8,s7,s6,s5,s4,s3,s2,s1",21,21,21,21,21,21,21,21,21,21,21,21,21,20,20,20,20,20,20,20,20,20,20,20,20,20,924
T278,Down,20,"s1,s2,s3,s4,s5,s6,s7,s8,s9,s10,s11,s12,s13,s14,s15,s16,s17,s18,s19,s20,s21,s22,s23,s24,s25,s26",20,20,20,20,20,20,20,20,20,20,20,21,21,21,21,21,21,21,21,21,21,21,21,21,21,21,924
T279,Up,20,"s26,s25,s24,s23,s22,s21,s20,s19,s18,s17,s16,s15,s14,s13,s12,s11,s10,s9,s8,s7,s6,s5,s4,s3,s2,s1",21,21,21,21,21,21,21,21,21,21,21,21,21,21,21,21,20,20,20,20,20,20,20,20,20,20,924
T280,Down,20,"s1,s2,s3,s4,s5,s6,s7,s8,s9,s10,s11,s12,s13,s14,s15,s16,s17,s18",20,20,20,20,20,20,20,20,21,21,21,21,21,21,21,21,21,21,,,,,,,,,924
T281,Down,20,"s1,s2,s3,s4,s5,s6,s7,s8,s9,s10,s11,s12,s13,s14,s15,s16,s17,s18,s19,s20,s21,s22,s23,s24,s25,s26",20,20,20,20,20,20,20,21,21,21,21,21,21,21,21,21,21,21,21,21,21,21,21,21,21,21,924
T282,Up,20,"s26,s25,s24,s23,s22,s21,s20,s19,s18,s17,s16,s15,s14,s13,s12,s11,s10,s9,s8,s7,s6,s5,s4,s3,s2,s1",21,21,21,21,21,21,21,21,21,21,21,21,21,21,21,21,21,21,21,21,21,20,20,20,20,20,924
T283,Down,20,"s1,s2,s3,s4,s5,s6,s7,s8,s9,s10,s11,s12,s13,s14,s15,s16,s17,s18,s19,s20,s21,s22,s23,s24,s25,s26",20,20,20,21,21,21,21,21,21,21,21,21,21,21,21,21,21,21,21,21,21,21,21,21,21,21,924
T284,Down,20,"s1,s2,s3,s4,s5,s6,s7,s8,s9,s10,s11,s12,s13,s14,s15,s16,s17,s18,s19,s20,s21,s22,s23,s24,s25,s26",20,21,21,21,21,21,21,21,21,21,21,21,21,21,21,21,21,21,21,21,21,21,21,21,21,21,924
T285,Up,21,"s26,s25,s24,s23,s22,s21,s20,s19,s18,s17,s16,s15,s14,s13,s12,s11,s10,s9,s8,s7,s6,s5,s4,s3,s2,s1",21,21,21,21,21,21,21,21,21,21,21,21,21,21,21,21,21,21,21,21,21,21,21,21,21,21,924
T286,Down,21,"s1,s2,s3,s4,s5,s6,s7,s8,s9,s10,s11,s12,s13,s14,s15,s16,s17,s18",21,21,21,21,21,21,21,21,21,21,21,21,21,21,21,21,21,21,,,,,,,,,924
T287,Up,21,"s26,s25,s24,s23,s22,s21,s20,s19,s18,s17,s16,s15,s14,s13,s12,s11,s10,s9,s8,s7,s6,s5,s4,s3,s2,s1",22,22,22,21,21,21,21,21,21,21,21,21,21,21,21,21,21,21,21,21,21,21,21,21,21,21,924
T288,Down,21,"s1,s2,s3,s4,s5,s6,s7,s8,s9,s10,s11,s12,s13,s14,s15,s16,s17,s18,s19,s20,s21,s22,s23,s24,s25,s26",21,21,21,21,21,21,21,21,21,21,21,21,21,21,21,21,21,21,21,22,22,22,22,22,22,22,924
T289,Up,21,"s26,s25,s24,s23,s22,s21,s20,s19,s18,s17,s16,s15,s14,s13,s12,s11,s10,s9,s8,s7,s6,s5,s4,s3,s2,s1",22,22,22,22,22,22,22,21,21,21,21,21,21,21,21,21,21,21,21,21,21,21,21,21,21,21,924
T290,Down,21,"s1,s2,s3,s4,s5,s6,s7,s8,s9,s10,s11,s12,s13,s14,s15,s16,s17,s18,s19,s20,s21,s22,s23,s24,s25,s26",21,21,21,21,21,21,21,21,21,21,21,21,21,21,21,22,22,22,22,22,22,22,22,22,22,22,924
T291,Up,21,"s26,s25,s24,s23,s22,s21,s20,s19,s18,s17,s16,s15,s14,s13,s12,s11,s10,s9,s8,s7,s6,s5,s4,s3,s2,s1",22,22,22,22,22,22,22,22,22,22,21,21,21,21,21,21,21,21,21,21,21,21,21,21,21,21,924
T292,Down,21,"s1,s2,s3,s4,s5,s6,s7,s8,s9,s10,s11,s12,s13,s14,s15,s16,s17,s18,s19,s20,s21,s22,s23,s24,s25,s26",21,21,21,21,21,21,21,21,21,21,21,21,22,22,22,22,22,22,22,22,22,22,22,22,22,22,924
T293,Up,21,"s26,s25,s24,s23,s22,s21,s20,s19,s18,s17,s16,s15,s14,s13,s12,s11,s10,s9,s8,s7,s6,s5,s4,s3,s2,s1",22,22,22,22,22,22,22,22,22,22,22,22,22,22,21,21,21,21,21,21,21,21,21,21,21,21,924
T294,Down,21,"s1,s2,s3,s4,s5,s6,s7,s8,s9,s10,s11,s12,s13,s14",21,21,21,21,21,21,21,21,21,22,22,22,22,22,,,,,,,,,,,,,924
T295,Down,21,"s1,s2,s3,s4,s5,s6,s7,s8,s9,s10,s11,s12,s13,s14,s15,s16,s17,s18,s19,s20,s21,s22,s23,s24,s25,s26",21,21,21,21,21,21,21,22,22,22,22,22,22,22,22,22,22,22,22,22,22,22,22,22,22,22,924
T296,Up,21,"s26,s25,s24,s23,s22,s21,s20,s19,s18,s17,s16,s15,s14,s13,s12,s11,s10,s9,s8,s7,s6,s5,s4,s3,s2,s1",22,22,22,22,22,22,22,22,22,22,22,22,22,22,22,22,22,22,22,21,21,21,21,21,21,21,924
T297,Down,21,"s1,s2,s3,s4,s5,s6,s7,s8,s9,s10,s11,s12,s13,s14,s15,s16,s17,s18,s19,s20,s21,s22,s23,s24,s25,s26",21,21,21,21,22,22,22,22,22,22,22,22,22,22,22,22,22,22,22,22,22,22,22,22,22,22,924
T298,Up,21,"s26,s25,s24,s23,s22,s21,s20,s19,s18,s17,s16,s15,s14,s13,s12,s11,s10,s9,s8,s7,s6,s5,s4,s3,s2,s1",22,22,22,22,22,22,22,22,22,22,22,22,22,22,22,22,22,22,22,22,22,22,22,21,21,21,924
T299,Down,22,"s1,s2,s3,s4,s5,s6,s7,s8,s9,s10,s11,s12,s13,s14,s15,s16,s17,s18",22,22,22,22,22,22,22,22,22,22,22,22,22,22,22,22,22,22,,,,,,,,,924
T300,Up,22,"s26,s25,s24,s23,s22,s21,s20,s19,s18,s17,s16,s15,s14,s13,s12,s11,s10,s9,s8,s7,s6,s5,s4,s3,s2,s1",23,22,22,22,22,22,22,22,22,22,22,22,22,22,22,22,22,22,22,22,22,22,22,22,22,22,924
T301,Down,22,"s1,s2,s3,s4,s5,s6,s7,s8,s9,s10,s11,s12,s13,s14,s15,s16,s17,s18,s19,s20,s21,s22,s23,s24,s25,s26",22,22,22,22,22,22,22,22,22,22,22,22,22,22,22,22,22,22,22,22,22,22,23,23,23,23,924
T302,Up,22,"s26,s25,s24,s23,s22,s21,s20,s19,s18,s17,s16,s15,s14,s13,s12,s11,s10,s9,s8,s7,s6,s5,s4,s3,s2,s1",23,23,23,23,23,23,23,22,22,22,22,22,22,22,22,22,22,22,22,22,22,22,22,22,22,22,924
T303,Down,22,"s1,s2,s3,s4,s5,s6,s7,s8,s9,s10,s11,s12,s13,s14,s15,s16,s17,s18,s19,s20,s21,s22,s23,s24,s25,s26",22,22,22,22,22,22,22,22,22,22,22,22,22,22,22,22,22,22,22,23,23,23,23,23,23,23,924
T304,Down,22,"s1,s2,s3,s4,s5,s6,s7,s8,s9,s10,s11,s12,s13,s14",22,22,22,22,22,22,22,22,22,22,22,22,22,22,,,,,,,,,,,,,924
T305,Up,22,"s26,s25,s24,s23,s22,s21,s20,s19,s18,s17,s16,s15,s14,s13,s12,s11,s10,s9,s8,s7,s6,s5,s4,s3,s2,s1",23,23,23,23,23,23,23,23,23,23,23,22,22,22,22,22,22,22,22,22,22,22,22,22,22,22,924
T306,Down,22,"s1,s2,s3,s4,s5,s6,s7,s8,s9,s10,s11,s12,s13,s14,s15,s16,s17,s18,s19,s20,s21,s22,s23,s24,s25,s26",22,22,22,22,22,22,22,22,22,22,22,22,22,23,23,23,23,23,23,23,23,23,23,23,23,23,924
T307,Up,22,"s26,s25,s24,s23,s22,s21,s20,s19,s18,s17,s16,s15,s14,s13,s12,s11,s10,s9,s8,s7,s6,s5,s4,s3,s2,s1",23,23,23,23,23,23,23,23,23,23,23,23,23,23,23,22,22,22,22,22,22,22,22,22,22,22,924
T308,Down,22,"s1,s2,s3,s4,s5,s6,s7,s8,s9,s10,s11,s12,s13,s14,s15,s16,s17,s18",22,22,22,22,22,22,22,22,22,23,23,23,23,23,23,23,23,23,,,,,,,,,924
T309,Up,22,"s26,s25,s24,s23,s22,s21,s20,s19,s18,s17,s16,s15,s14,s13,s12,s11,s10,s9,s8,s7,s6,s5,s4,s3,s2,s1",23,23,23,23,23,23,23,23,23,23,23,23,23,23,23,23,23,23,23,23,22,22,22,22,22,22,924
T310,Down,22,"s1,s2,s3,s4,s5,s6,s7,s8,s9,s10,s11,s12,s13,s14,s15,s16,s17,s18,s19,s20,s21,s22,s23,s24,s25,s26",22,22,22,22,23,23,23,23,23,23,23,23,23,23,23,23,23,23,23,23,23,23,23,23,23,23,924
T311,Up,22,"s26,s25,s24,s23,s22,s21,s20,s19,s18,s17,s16,s15,s14,s13,s12,s11,s10,s9,s8,s7,s6,s5,s4,s3,s2,s1",23,23,23,23,23,23,23,23,23,23,23,23,23,23,23,23,23,23,23,23,23,23,23,23,22,22,924
T312,Down,23,"s1,s2,s3,s4,s5,s6,s7,s8,s9,s10,s11,s12,s13,s14,s15,s16,s17,s18,s19,s20,s21,s22,s23,s24,s25,s26",23,23,23,23,23,23,23,23,23,23,23,23,23,23,23,23,23,23,23,23,23,23,23,23,23,0,924
T313,Up,23,"s26,s25,s24,s23,s22,s21,s20,s19,s18,s17,s16,s15,s14,s13,s12,s11,s10,s9,s8,s7,s6,s5,s4,s3,s2,s1",0,0,0,23,23,23,23,23,23,23,23,23,23,23,23,23,23,23,23,23,23,23,23,23,23,23,924
T314,Down,23,"s1,s2,s3,s4,s5,s6,s7,s8,s9,s10,s11,s12,s13,s14",23,23,23,23,23,23,23,23,23,23,23,23,23,23,,,,,,,,,,,,,924
T315,Down,23,"s1,s2,s3,s4,s5,s6,s7,s8,s9,s10,s11,s12,s13,s14,s15,s16,s17,s18,s19,s20,s21,s22,s23,s24,s25,s26",23,23,23,23,23,23,23,23,23,23,23,23,23,23,23,23,23,23,0,0,0,0,0,0,0,0,924
T316,Down,23,"s1,s2,s3,s4,s5,s6,s7,s8,s9,s10,s11,s12,s13,s14,s15,s16,s17,s18,s19,s20,s21,s22,s23,s24,s25,s26",23,23,23,23,23,23,23,23,23,23,23,23,23,23,0,0,0,0,0,0,0,0,0,0,0,0,924
T317,Up,23,"s26,s25,s24,s23,s22,s21,s20,s19,s18,s17,s16,s15,s14,s13,s12,s11,s10,s9,s8,s7,s6,s5,s4,s3,s2,s1",0,0,0,0,0,0,0,0,0,0,0,0,0,23,23,23,23,23,23,23,23,23,23,23,23,23,924
T318,Down,23,"s1,s2,s3,s4,s5,s6,s7,s8,s9,s10,s11,s12,s13,s14",23,23,23,23,23,23,23,23,23,0,0,0,0,0,,,,,,,,,,,,,924
T319,Down,23,"s1,s2,s3,s4,s5,s6,s7,s8,s9,s10",23,23,23,0,0,0,0,0,0,0,,,,,,,,,,,,,,,,,924
T320,Up,23,"s26,s25,s24,s23,s22,s21,s20,s19,s18,s17,s16,s15,s14,s13,s12,s11,s10,s9,s8",,,,,,,,0,0,0,0,0,0,0,0,0,0,0,0,0,0,0,0,23,23,23,924
T321,Down,23,"s1,s2,s3,s4,s5,s6,s7,s8,s9,s10,s11,s12,s13,s14,s15,s16,s17,s18",23,0,0,0,0,0,0,0,0,0,0,0,0,0,0,0,0,0,,,,,,,,,924
T322,Up,0,"s26,s25,s24,s23,s22,s21,s20,s19,s18,s17,s16,s15,s14,s13,s12,s11,s10,s9,s8",,,,,,,,0,0,0,0,0,0,0,0,0,0,0,0,0,0,0,0,0,0,0,924
T323,Down,0,"s1,s2,s3,s4,s5,s6,s7,s8,s9",0,0,0,0,0,0,0,0,0,,,,,,,,,,,,,,,,,,924
T324,Down,0,"s1,s2,s3,s4,s5,s6,s7,s8,s9,s10,s11,s12,s13,s14",0,0,0,0,0,0,0,0,0,0,0,0,0,0,,,,,,,,,,,,,924
T325,Down,0,"s1,s2,s3,s4,s5,s6,s7,s8",0,0,0,0,0,0,0,0,,,,,,,,,,,,,,,,,,,924